interaction_id,user_id,product_id,interaction_type,timestamp
1,1,8,view,2023-08-05 07:25:32
2,1,31,purchase,2023-08-07 09:40:47
3,2,50,view,2023-07-16 06:19:23
4,2,33,purchase,2023-08-09 06:13:13
5,3,10,view,2023-08-07 08:13:51
6,3,7,add_to_cart,2023-07-22 19:54:16
7,3,15,purchase,2023-07-24 22:53:23
8,4,40,add_to_cart,2023-07-13 18:48:55
9,4,48,view,2023-07-28 12:29:28
10,5,36,purchase,2023-07-22 02:32:58
11,5,32,purchase,2023-07-21 05:17:53
12,5,43,add_to_cart,2023-07-14 20:08:57
13,6,23,view,2023-08-04 00:11:29
14,7,15,purchase,2023-07-26 11:02:29
15,7,44,purchase,2023-07-20 03:42:26
16,7,31,view,2023-07-11 01:50:07
17,7,9,add_to_cart,2023-07-11 16:49:29
18,8,8,purchase,2023-07-28 06:13:07
19,8,35,add_to_cart,2023-08-04 21:20:45
20,8,24,purchase,2023-07-27 12:17:59
21,8,14,purchase,2023-07-17 11:10:45
22,9,15,view,2023-07-21 18:23:38
23,9,50,add_to_cart,2023-08-04 08:41:10
24,9,24,purchase,2023-07-20 17:06:40
25,9,10,view,2023-07-20 07:25:15
26,10,5,view,2023-07-31 02:35:05
27,11,34,purchase,2023-07-29 19:24:20
28,11,46,add_to_cart,2023-07-14 17:20:23
29,11,22,add_to_cart,2023-07-12 00:48:47
30,11,18,view,2023-07-15 13:08:23
31,11,18,add_to_cart,2023-07-21 00:06:31
32,12,33,view,2023-07-11 15:44:46
33,12,35,view,2023-07-16 22:50:56
34,12,45,purchase,2023-07-29 19:56:27
35,13,16,view,2023-07-12 00:06:40
36,14,21,view,2023-08-06 14:37:44
37,14,30,view,2023-07-21 15:57:27
38,14,21,view,2023-08-07 04:01:57
39,14,23,add_to_cart,2023-07-11 12:05:39
40,14,3,view,2023-07-28 02:09:18
41,15,9,view,2023-07-27 00:35:56
42,15,17,purchase,2023-07-28 02:36:55
43,15,3,purchase,2023-08-06 03:14:19
44,15,4,purchase,2023-07-23 23:34:39
45,16,29,view,2023-07-23 21:07:26
46,17,16,view,2023-07-26 13:28:33
47,17,5,add_to_cart,2023-08-05 09:04:06
48,17,46,add_to_cart,2023-07-28 05:22:20
49,17,12,view,2023-07-17 07:37:19
50,18,14,view,2023-07-16 02:54:49
51,18,47,add_to_cart,2023-07-20 14:23:08
52,18,35,add_to_cart,2023-07-22 19:30:47
53,18,40,purchase,2023-07-21 12:26:28
54,19,33,add_to_cart,2023-08-04 21:22:06
55,20,31,purchase,2023-07-17 01:01:00
56,20,41,view,2023-07-15 21:34:13
57,20,49,add_to_cart,2023-07-30 00:09:14
58,20,9,view,2023-08-04 19:27:37
59,21,9,view,2023-08-08 17:43:25
60,21,49,view,2023-08-07 16:14:26
61,22,8,purchase,2023-07-13 04:36:23
62,22,16,add_to_cart,2023-07-26 19:09:42
63,22,40,add_to_cart,2023-07-26 04:43:56
64,22,35,purchase,2023-07-25 21:09:54
65,22,31,view,2023-07-23 05:40:10
66,23,7,add_to_cart,2023-07-18 16:08:21
67,23,5,view,2023-07-13 22:21:11
68,23,16,add_to_cart,2023-07-25 20:06:36
69,23,39,add_to_cart,2023-07-21 08:57:01
70,24,18,view,2023-07-14 00:27:29
71,24,9,view,2023-08-04 02:54:17
72,24,45,purchase,2023-07-21 08:01:32
73,24,29,purchase,2023-08-07 12:43:40
74,24,23,view,2023-08-03 07:05:00
75,25,26,purchase,2023-07-29 16:31:45
76,25,6,purchase,2023-07-28 15:40:05
77,25,17,purchase,2023-07-24 02:43:26
78,25,9,purchase,2023-07-22 21:46:02
79,25,36,view,2023-07-11 13:52:20
80,26,7,add_to_cart,2023-08-07 02:16:41
81,26,40,purchase,2023-07-23 21:22:03
82,27,44,view,2023-07-13 11:13:06
83,27,29,purchase,2023-07-25 00:07:53
84,28,28,view,2023-07-29 09:24:02
85,28,34,add_to_cart,2023-08-09 18:46:48
86,28,45,view,2023-07-20 17:08:43
87,28,47,purchase,2023-07-20 00:13:22
88,28,25,view,2023-08-05 13:33:47
89,29,48,view,2023-07-14 06:04:08
90,29,10,add_to_cart,2023-08-09 16:09:15
91,29,17,view,2023-07-24 19:44:45
92,29,47,add_to_cart,2023-07-12 18:19:15
93,29,10,purchase,2023-08-05 12:35:09
94,30,15,purchase,2023-07-18 21:36:32
95,30,26,purchase,2023-08-06 07:26:23
96,30,45,purchase,2023-07-30 01:51:03
97,30,10,purchase,2023-08-07 12:14:57
98,30,30,view,2023-08-01 16:07:51
99,31,25,purchase,2023-07-16 12:14:26
100,31,39,view,2023-07-23 14:18:41
101,31,35,purchase,2023-07-19 13:13:39
102,32,22,view,2023-07-14 13:32:47
103,32,3,purchase,2023-07-19 08:28:17
104,32,17,add_to_cart,2023-07-20 14:54:45
105,32,1,view,2023-07-27 03:19:14
106,32,18,view,2023-07-18 13:07:52
107,33,40,purchase,2023-07-18 04:28:00
108,33,2,view,2023-07-24 02:22:19
109,33,18,purchase,2023-08-09 02:35:36
110,34,7,add_to_cart,2023-07-18 03:31:03
111,34,5,view,2023-07-31 18:38:08
112,34,3,view,2023-08-03 15:28:17
113,34,39,purchase,2023-07-30 06:10:46
114,34,24,view,2023-07-17 20:08:29
115,35,34,add_to_cart,2023-08-06 07:02:52
116,35,49,view,2023-07-31 22:40:51
117,35,25,purchase,2023-08-06 01:39:39
118,36,36,add_to_cart,2023-07-28 13:18:56
119,36,27,add_to_cart,2023-07-29 05:08:13
120,36,24,purchase,2023-08-08 16:43:56
121,36,49,add_to_cart,2023-07-24 15:47:41
122,37,39,view,2023-08-07 21:03:25
123,37,2,view,2023-07-31 10:35:56
124,37,8,add_to_cart,2023-08-09 20:01:26
125,37,34,view,2023-07-14 06:28:14
126,37,18,view,2023-08-05 13:55:51
127,38,42,add_to_cart,2023-07-15 19:19:06
128,38,40,add_to_cart,2023-08-06 07:19:05
129,38,40,purchase,2023-07-18 20:30:02
130,38,37,view,2023-08-03 14:03:32
131,39,13,purchase,2023-08-05 13:49:45
132,40,32,purchase,2023-08-05 14:11:42
133,41,3,view,2023-08-05 13:15:57
134,42,43,purchase,2023-08-08 23:59:11
135,42,48,add_to_cart,2023-07-26 18:19:32
136,43,17,view,2023-07-22 09:28:43
137,43,22,purchase,2023-07-22 06:50:28
138,43,6,view,2023-07-17 17:49:08
139,43,43,add_to_cart,2023-07-17 13:14:33
140,43,13,add_to_cart,2023-07-19 05:55:57
141,44,5,view,2023-08-06 13:19:56
142,44,20,purchase,2023-08-08 23:12:19
143,44,33,add_to_cart,2023-07-28 08:46:12
144,44,36,view,2023-08-06 10:01:33
145,45,8,view,2023-07-11 02:45:32
146,46,39,purchase,2023-07-25 19:50:54
147,46,9,view,2023-08-02 13:25:02
148,46,17,purchase,2023-08-06 20:16:50
149,46,19,add_to_cart,2023-07-17 04:03:54
150,47,12,purchase,2023-07-21 03:42:26
151,47,46,purchase,2023-07-30 13:31:10
152,48,35,view,2023-07-18 03:29:42
153,48,40,view,2023-08-08 17:51:18
154,48,39,add_to_cart,2023-07-15 05:33:36
155,48,29,add_to_cart,2023-07-26 05:30:41
156,49,46,purchase,2023-08-04 17:43:39
157,49,32,purchase,2023-08-05 02:56:54
158,49,5,view,2023-07-31 03:52:35
159,49,26,view,2023-07-11 10:17:23
160,49,29,purchase,2023-07-22 18:05:46
161,50,26,view,2023-07-22 07:10:53
162,50,33,purchase,2023-07-27 08:57:33
163,50,9,view,2023-07-16 04:09:52
164,50,10,purchase,2023-07-12 14:32:51
165,50,42,add_to_cart,2023-07-21 01:03:32
166,51,29,view,2023-07-14 16:50:02
167,51,15,purchase,2023-07-27 23:18:36
168,51,17,view,2023-07-20 03:47:55
169,51,45,view,2023-07-26 10:38:29
170,51,27,add_to_cart,2023-07-29 10:16:41
171,52,32,add_to_cart,2023-08-09 06:35:09
172,52,38,add_to_cart,2023-07-14 08:28:55
173,52,2,view,2023-07-15 23:17:23
174,52,16,purchase,2023-08-07 22:02:37
175,53,27,add_to_cart,2023-08-06 06:42:05
176,53,20,view,2023-08-09 09:23:41
177,53,15,add_to_cart,2023-08-09 04:27:50
178,53,40,view,2023-07-29 11:19:51
179,53,30,add_to_cart,2023-07-29 11:36:53
180,54,34,view,2023-07-22 11:26:15
181,54,14,add_to_cart,2023-07-12 08:58:00
182,54,27,add_to_cart,2023-07-17 17:55:22
183,54,48,view,2023-08-02 20:53:47
184,55,4,view,2023-07-13 02:46:17
185,55,43,purchase,2023-07-22 12:16:58
186,56,27,purchase,2023-07-18 01:56:09
187,57,11,view,2023-07-25 14:59:42
188,57,6,purchase,2023-07-24 06:02:49
189,57,27,view,2023-07-12 22:15:36
190,58,43,view,2023-07-12 17:17:37
191,59,34,purchase,2023-07-24 11:37:20
192,59,33,purchase,2023-07-23 01:43:23
193,59,13,purchase,2023-08-02 08:37:56
194,59,19,add_to_cart,2023-07-11 11:29:11
195,59,38,add_to_cart,2023-07-23 01:30:45
196,60,40,add_to_cart,2023-08-06 09:49:02
197,60,12,view,2023-08-04 09:27:34
198,60,43,add_to_cart,2023-07-14 08:02:13
199,61,24,view,2023-08-06 02:13:33
200,61,5,purchase,2023-07-16 06:03:19
201,61,6,add_to_cart,2023-07-27 08:31:38
202,62,3,add_to_cart,2023-07-21 02:49:45
203,63,32,add_to_cart,2023-08-04 12:43:28
204,64,4,view,2023-07-13 01:18:22
205,64,22,purchase,2023-08-03 06:09:55
206,65,9,view,2023-08-08 11:38:13
207,65,34,purchase,2023-07-27 22:14:24
208,65,32,view,2023-07-19 15:36:35
209,65,6,add_to_cart,2023-07-30 04:27:49
210,65,8,add_to_cart,2023-08-04 14:27:53
211,66,25,purchase,2023-08-09 19:08:26
212,66,31,purchase,2023-07-11 16:13:47
213,66,37,add_to_cart,2023-08-07 03:03:08
214,67,50,purchase,2023-08-09 11:49:11
215,67,23,view,2023-08-04 08:13:38
216,67,35,view,2023-07-23 12:13:21
217,67,6,view,2023-07-13 11:53:47
218,67,5,purchase,2023-07-21 08:43:41
219,68,30,purchase,2023-07-27 10:24:58
220,68,3,add_to_cart,2023-08-07 14:15:23
221,68,17,view,2023-07-19 12:31:50
222,68,5,view,2023-08-02 20:54:44
223,68,41,add_to_cart,2023-07-26 10:16:26
224,69,14,add_to_cart,2023-07-14 14:20:42
225,69,24,add_to_cart,2023-08-07 05:59:00
226,69,45,purchase,2023-07-27 22:12:11
227,69,34,view,2023-07-11 12:00:25
228,70,43,purchase,2023-08-09 05:21:53
229,70,36,view,2023-07-25 00:18:58
230,70,12,purchase,2023-07-12 20:47:29
231,70,9,purchase,2023-08-08 09:55:03
232,71,4,view,2023-07-24 06:11:04
233,71,25,view,2023-07-29 01:25:31
234,71,25,view,2023-07-12 00:10:54
235,71,31,purchase,2023-07-24 09:09:15
236,72,13,purchase,2023-08-07 19:06:09
237,72,31,purchase,2023-07-22 06:32:47
238,72,31,purchase,2023-08-08 08:13:35
239,73,14,add_to_cart,2023-07-17 12:58:09
240,73,21,add_to_cart,2023-07-20 23:39:06
241,73,15,view,2023-07-16 20:44:54
242,73,25,add_to_cart,2023-08-07 06:00:51
243,73,36,add_to_cart,2023-08-07 20:39:38
244,74,24,add_to_cart,2023-08-01 01:47:16
245,74,4,view,2023-07-13 10:51:07
246,74,17,add_to_cart,2023-08-06 22:45:50
247,74,34,add_to_cart,2023-08-09 17:05:24
248,75,45,add_to_cart,2023-08-07 06:13:48
249,76,33,purchase,2023-07-14 15:31:05
250,77,22,purchase,2023-07-23 00:50:40
251,78,29,add_to_cart,2023-07-28 08:23:40
252,78,3,purchase,2023-08-07 02:23:23
253,78,1,view,2023-08-02 04:20:51
254,78,21,add_to_cart,2023-07-11 10:33:16
255,79,48,add_to_cart,2023-07-31 15:06:02
256,79,14,purchase,2023-07-17 16:10:51
257,80,30,purchase,2023-08-04 15:16:30
258,80,8,purchase,2023-07-25 23:01:33
259,81,34,view,2023-07-16 15:28:01
260,81,16,view,2023-08-04 13:15:57
261,81,29,view,2023-08-04 14:57:38
262,82,43,view,2023-08-07 16:03:20
263,83,24,add_to_cart,2023-08-06 11:13:39
264,83,6,purchase,2023-07-14 12:24:35
265,83,30,view,2023-07-13 20:56:22
266,83,4,add_to_cart,2023-07-23 07:42:07
267,83,8,add_to_cart,2023-08-02 20:36:51
268,84,39,add_to_cart,2023-07-26 16:12:06
269,84,33,purchase,2023-08-07 08:27:43
270,84,42,view,2023-07-14 11:32:12
271,84,25,view,2023-07-24 11:30:24
272,85,28,view,2023-07-22 11:17:28
273,86,47,add_to_cart,2023-07-26 16:37:57
274,86,29,purchase,2023-07-23 10:09:49
275,86,48,add_to_cart,2023-07-26 09:26:39
276,86,24,purchase,2023-08-03 21:29:33
277,86,17,add_to_cart,2023-07-25 16:30:40
278,87,40,add_to_cart,2023-08-06 11:50:54
279,87,10,purchase,2023-07-23 08:37:50
280,87,26,add_to_cart,2023-07-11 19:02:20
281,87,32,view,2023-08-05 03:58:20
282,88,19,view,2023-07-11 21:31:08
283,88,46,view,2023-07-21 08:07:21
284,88,7,purchase,2023-07-27 22:34:27
285,89,25,add_to_cart,2023-07-26 20:06:47
286,90,5,add_to_cart,2023-08-06 02:49:02
287,90,37,view,2023-07-28 13:31:33
288,90,39,add_to_cart,2023-07-31 11:25:58
289,90,37,view,2023-07-19 16:17:34
290,91,23,purchase,2023-08-03 08:15:19
291,91,3,view,2023-07-21 23:32:17
292,91,20,purchase,2023-08-07 18:26:39
293,91,2,purchase,2023-08-02 02:03:18
294,91,18,add_to_cart,2023-07-29 22:44:03
295,92,37,view,2023-07-13 01:56:50
296,93,37,view,2023-07-24 01:21:53
297,93,17,add_to_cart,2023-08-05 15:43:05
298,93,46,purchase,2023-07-20 06:40:05
299,93,15,purchase,2023-07-13 21:16:51
300,94,26,purchase,2023-07-13 12:07:59
301,95,43,view,2023-08-08 03:54:24
302,95,31,add_to_cart,2023-08-05 22:58:35
303,95,19,view,2023-08-03 18:52:54
304,95,17,view,2023-07-31 04:46:20
305,95,12,purchase,2023-07-29 12:05:53
306,96,27,view,2023-07-21 03:23:00
307,97,47,purchase,2023-08-01 21:52:52
308,97,23,add_to_cart,2023-08-06 05:45:25
309,97,15,purchase,2023-07-16 18:12:18
310,98,37,purchase,2023-07-20 01:22:36
311,98,41,add_to_cart,2023-08-03 18:00:28
312,99,10,add_to_cart,2023-07-17 11:48:19
313,100,45,view,2023-08-01 19:27:10
314,100,23,purchase,2023-07-28 14:14:08
315,100,37,add_to_cart,2023-07-28 10:55:06
316,101,15,view,2023-07-22 00:44:54
317,101,7,add_to_cart,2023-08-07 08:52:19
318,101,27,view,2023-07-27 05:56:14
319,101,42,view,2023-07-31 02:17:31
320,101,17,view,2023-08-09 23:08:52
321,102,49,add_to_cart,2023-07-19 01:18:04
322,102,12,view,2023-08-05 07:20:31
323,102,25,add_to_cart,2023-08-04 15:21:14
324,103,19,view,2023-07-23 12:13:58
325,103,33,view,2023-08-02 09:53:30
326,103,42,purchase,2023-08-08 19:47:11
327,104,37,add_to_cart,2023-07-27 05:32:11
328,104,18,view,2023-07-25 22:21:05
329,104,4,view,2023-07-22 05:31:53
330,104,2,view,2023-07-31 00:27:01
331,104,33,purchase,2023-08-04 05:28:22
332,105,42,add_to_cart,2023-07-13 13:17:05
333,105,50,add_to_cart,2023-07-16 09:07:57
334,105,27,purchase,2023-07-30 14:02:25
335,105,6,add_to_cart,2023-07-25 17:29:31
336,106,38,purchase,2023-07-15 09:02:38
337,106,11,view,2023-07-18 16:16:12
338,106,1,view,2023-08-08 03:36:55
339,106,27,add_to_cart,2023-08-02 21:08:05
340,106,49,view,2023-07-14 19:14:03
341,107,24,add_to_cart,2023-07-11 21:57:05
342,107,28,add_to_cart,2023-07-16 07:49:36
343,107,35,add_to_cart,2023-07-29 00:01:28
344,108,15,purchase,2023-08-04 07:20:51
345,108,25,purchase,2023-07-22 09:09:52
346,108,21,purchase,2023-07-30 21:27:26
347,108,46,add_to_cart,2023-07-31 10:07:27
348,108,8,purchase,2023-08-02 12:07:52
349,109,40,add_to_cart,2023-07-31 20:11:54
350,110,43,purchase,2023-08-09 21:17:00
351,110,17,view,2023-07-12 08:00:53
352,110,14,purchase,2023-08-06 04:03:24
353,110,31,add_to_cart,2023-07-26 02:49:48
354,110,11,purchase,2023-07-13 18:22:46
355,111,26,purchase,2023-07-20 16:08:19
356,111,41,view,2023-07-22 07:05:59
357,111,46,purchase,2023-08-05 22:59:48
358,112,21,view,2023-07-26 08:57:37
359,112,20,purchase,2023-07-12 08:11:23
360,112,42,add_to_cart,2023-07-20 01:37:37
361,113,42,view,2023-07-19 14:48:49
362,114,28,purchase,2023-08-09 10:34:39
363,115,6,view,2023-08-08 02:16:00
364,115,34,view,2023-07-24 04:46:57
365,115,5,purchase,2023-07-17 16:57:59
366,115,5,add_to_cart,2023-08-04 21:38:33
367,115,17,purchase,2023-07-13 13:10:02
368,116,29,view,2023-08-07 19:20:17
369,117,29,purchase,2023-08-03 00:07:33
370,117,21,purchase,2023-07-18 19:11:13
371,118,27,view,2023-07-23 08:18:42
372,119,4,purchase,2023-08-03 20:08:08
373,119,44,view,2023-08-03 18:54:31
374,119,1,add_to_cart,2023-07-29 23:17:02
375,120,38,add_to_cart,2023-07-11 01:58:30
376,120,27,purchase,2023-08-08 01:49:01
377,121,2,add_to_cart,2023-07-18 23:15:37
378,121,12,purchase,2023-08-01 08:15:49
379,121,35,view,2023-07-30 19:36:31
380,122,7,add_to_cart,2023-08-06 12:13:38
381,122,4,view,2023-07-25 12:58:11
382,123,18,add_to_cart,2023-07-21 22:08:06
383,124,23,purchase,2023-07-30 07:07:16
384,124,40,purchase,2023-07-23 09:38:45
385,125,46,purchase,2023-08-01 16:27:01
386,125,36,add_to_cart,2023-08-06 08:57:10
387,126,12,view,2023-08-02 18:52:04
388,126,50,add_to_cart,2023-07-12 12:51:26
389,126,22,view,2023-08-05 20:40:28
390,127,7,add_to_cart,2023-07-16 00:37:19
391,127,11,purchase,2023-08-06 11:01:55
392,127,33,add_to_cart,2023-07-18 01:57:09
393,127,25,purchase,2023-07-19 16:55:19
394,128,1,add_to_cart,2023-07-25 18:27:47
395,129,25,view,2023-07-27 17:46:33
396,129,9,view,2023-07-31 23:03:33
397,129,35,purchase,2023-07-24 04:16:17
398,130,6,purchase,2023-08-02 00:50:16
399,131,12,purchase,2023-07-23 12:48:43
400,132,33,view,2023-07-23 15:55:13
401,132,1,purchase,2023-08-05 05:32:42
402,132,47,view,2023-07-15 18:26:56
403,133,1,add_to_cart,2023-07-15 14:39:05
404,133,9,purchase,2023-07-23 22:07:03
405,133,31,add_to_cart,2023-08-09 04:32:25
406,133,48,view,2023-08-05 17:09:25
407,134,20,add_to_cart,2023-07-14 22:20:01
408,134,9,add_to_cart,2023-07-22 13:33:17
409,135,40,add_to_cart,2023-07-23 07:43:13
410,135,36,purchase,2023-07-16 18:44:36
411,135,15,purchase,2023-07-21 11:44:06
412,135,8,view,2023-08-07 15:02:11
413,136,5,add_to_cart,2023-07-16 12:53:52
414,136,49,purchase,2023-07-21 20:23:32
415,137,20,purchase,2023-07-24 13:47:04
416,137,22,add_to_cart,2023-07-14 15:50:44
417,137,10,purchase,2023-07-30 22:24:39
418,138,16,view,2023-07-18 06:59:33
419,138,6,view,2023-07-17 13:33:44
420,138,38,add_to_cart,2023-07-29 04:26:15
421,138,35,add_to_cart,2023-07-12 14:07:10
422,139,20,add_to_cart,2023-07-26 18:08:41
423,139,38,view,2023-08-05 00:03:28
424,139,15,add_to_cart,2023-08-07 11:15:00
425,139,7,purchase,2023-07-30 23:08:59
426,140,9,add_to_cart,2023-08-08 15:54:58
427,140,5,view,2023-08-05 04:00:56
428,140,46,add_to_cart,2023-07-17 23:45:02
429,140,16,add_to_cart,2023-07-20 19:48:38
430,140,1,add_to_cart,2023-07-16 06:16:51
431,141,28,add_to_cart,2023-07-26 13:28:47
432,142,24,purchase,2023-08-02 12:28:19
433,142,24,view,2023-07-26 21:26:23
434,142,5,add_to_cart,2023-08-05 13:04:45
435,142,3,add_to_cart,2023-07-17 13:15:31
436,143,33,purchase,2023-08-06 09:31:18
437,143,3,add_to_cart,2023-08-08 15:02:05
438,143,19,view,2023-08-03 10:29:47
439,143,31,add_to_cart,2023-07-23 17:59:13
440,143,19,add_to_cart,2023-07-30 00:19:43
441,144,39,purchase,2023-07-12 20:05:24
442,144,3,add_to_cart,2023-07-12 14:09:01
443,144,38,add_to_cart,2023-07-20 16:27:27
444,144,9,view,2023-08-05 05:09:11
445,145,40,add_to_cart,2023-07-29 23:55:08
446,145,9,view,2023-07-17 09:35:49
447,145,48,purchase,2023-07-14 18:45:55
448,146,33,purchase,2023-07-30 05:22:04
449,147,42,view,2023-07-14 16:34:20
450,147,12,add_to_cart,2023-08-02 18:08:38
451,148,26,view,2023-07-27 02:28:10
452,148,44,purchase,2023-07-28 05:45:17
453,149,28,view,2023-07-17 12:11:36
454,150,6,purchase,2023-08-02 01:01:17
455,150,48,purchase,2023-07-13 03:28:54
456,151,25,add_to_cart,2023-07-24 06:22:56
457,151,36,add_to_cart,2023-08-08 18:57:14
458,151,31,purchase,2023-07-13 02:23:42
459,152,33,view,2023-07-27 21:08:40
460,152,38,view,2023-07-27 07:20:02
461,153,36,add_to_cart,2023-07-17 12:23:12
462,153,13,purchase,2023-07-12 18:00:10
463,153,44,add_to_cart,2023-07-20 03:29:22
464,153,46,add_to_cart,2023-08-01 22:41:24
465,154,23,view,2023-08-04 03:23:58
466,154,3,purchase,2023-07-12 08:14:19
467,154,5,view,2023-07-24 22:01:57
468,154,44,purchase,2023-07-30 04:53:55
469,155,3,purchase,2023-08-01 22:21:29
470,155,4,add_to_cart,2023-08-07 08:59:55
471,155,9,view,2023-07-22 01:43:35
472,155,8,purchase,2023-08-06 05:21:46
473,156,41,add_to_cart,2023-07-25 06:20:32
474,156,50,purchase,2023-07-16 08:20:06
475,157,16,view,2023-08-05 22:22:45
476,157,30,purchase,2023-07-18 16:53:48
477,157,20,add_to_cart,2023-07-27 15:05:31
478,158,11,purchase,2023-08-08 04:05:27
479,159,41,purchase,2023-07-23 23:07:26
480,159,12,purchase,2023-07-25 08:42:52
481,160,47,view,2023-07-20 22:59:52
482,161,3,purchase,2023-08-06 06:50:32
483,161,18,purchase,2023-07-12 16:20:06
484,161,49,add_to_cart,2023-08-07 18:51:51
485,161,48,purchase,2023-08-09 10:50:56
486,161,33,purchase,2023-07-30 15:25:43
487,162,32,add_to_cart,2023-07-14 18:27:37
488,162,43,add_to_cart,2023-08-02 22:32:11
489,162,34,purchase,2023-07-20 21:30:08
490,163,27,view,2023-08-04 04:53:54
491,163,26,add_to_cart,2023-07-23 22:21:09
492,163,13,add_to_cart,2023-08-05 09:29:37
493,164,34,purchase,2023-07-12 21:47:31
494,164,46,view,2023-07-25 23:04:54
495,164,27,purchase,2023-07-20 21:35:25
496,164,45,view,2023-07-14 12:46:57
497,165,1,purchase,2023-07-24 06:33:26
498,165,9,view,2023-07-17 09:40:36
499,165,50,view,2023-07-20 01:16:35
500,166,3,add_to_cart,2023-07-20 04:43:02
501,167,14,add_to_cart,2023-07-12 20:14:34
502,167,8,purchase,2023-08-08 10:48:01
503,167,33,add_to_cart,2023-07-24 09:15:40
504,168,17,purchase,2023-07-16 19:13:29
505,168,46,add_to_cart,2023-07-30 18:41:42
506,169,27,add_to_cart,2023-07-18 08:51:54
507,169,30,add_to_cart,2023-08-02 11:46:52
508,169,34,view,2023-07-13 02:51:43
509,169,26,add_to_cart,2023-07-29 22:45:14
510,169,32,purchase,2023-07-17 19:58:16
511,170,39,view,2023-08-04 12:36:42
512,171,49,add_to_cart,2023-07-18 13:27:48
513,172,48,purchase,2023-08-07 05:51:24
514,173,25,add_to_cart,2023-07-30 20:43:32
515,174,5,view,2023-07-16 16:24:55
516,175,12,purchase,2023-07-15 08:04:16
517,175,47,purchase,2023-07-27 02:00:08
518,175,8,view,2023-07-28 15:39:45
519,175,33,view,2023-07-16 16:21:13
520,175,13,view,2023-07-21 02:03:38
521,176,36,purchase,2023-08-02 17:15:30
522,176,19,view,2023-08-01 06:09:39
523,177,46,view,2023-07-18 00:41:46
524,177,6,add_to_cart,2023-07-23 18:34:30
525,177,28,view,2023-08-05 01:07:20
526,178,14,view,2023-07-24 07:36:20
527,178,35,add_to_cart,2023-07-25 06:55:13
528,179,41,purchase,2023-08-02 22:48:27
529,179,2,add_to_cart,2023-08-06 07:53:52
530,179,33,purchase,2023-08-06 19:38:25
531,179,7,purchase,2023-08-06 15:04:56
532,180,28,view,2023-07-17 02:56:01
533,180,14,purchase,2023-07-28 16:57:18
534,181,44,add_to_cart,2023-07-20 16:18:17
535,181,40,add_to_cart,2023-07-13 06:02:56
536,181,37,purchase,2023-07-16 19:06:14
537,181,24,view,2023-07-24 08:56:40
538,181,27,purchase,2023-07-11 21:49:41
539,182,1,purchase,2023-08-05 05:59:51
540,182,30,view,2023-08-01 17:50:49
541,182,30,add_to_cart,2023-07-13 10:45:49
542,183,21,add_to_cart,2023-07-20 08:25:40
543,183,44,view,2023-08-02 05:33:22
544,184,9,view,2023-07-18 16:03:52
545,184,28,purchase,2023-08-06 16:04:09
546,184,9,purchase,2023-08-08 07:36:07
547,185,44,add_to_cart,2023-07-12 04:20:49
548,185,7,add_to_cart,2023-07-17 07:06:45
549,186,39,purchase,2023-07-30 06:25:59
550,186,26,purchase,2023-07-18 01:01:36
551,186,23,add_to_cart,2023-07-13 15:41:43
552,186,11,purchase,2023-07-12 22:31:05
553,186,44,purchase,2023-07-27 05:15:49
554,187,16,view,2023-07-25 16:28:57
555,187,29,add_to_cart,2023-07-13 18:05:21
556,187,27,view,2023-07-19 07:54:13
557,187,27,view,2023-07-13 00:06:45
558,188,11,add_to_cart,2023-07-28 13:24:20
559,188,16,add_to_cart,2023-07-17 13:32:41
560,188,10,add_to_cart,2023-08-01 20:54:47
561,189,31,add_to_cart,2023-08-09 04:29:04
562,189,46,view,2023-07-15 23:46:31
563,189,15,view,2023-07-29 05:04:57
564,189,39,purchase,2023-07-16 22:19:58
565,190,43,purchase,2023-07-28 00:59:43
566,190,43,add_to_cart,2023-07-17 10:18:37
567,191,34,view,2023-07-21 04:35:33
568,191,37,purchase,2023-07-27 03:09:07
569,191,12,view,2023-07-19 00:46:37
570,191,10,purchase,2023-07-11 01:35:30
571,192,29,purchase,2023-07-16 05:39:27
572,192,9,purchase,2023-07-12 12:06:51
573,192,11,view,2023-07-19 09:07:39
574,192,4,view,2023-07-31 05:30:51
575,193,44,purchase,2023-07-19 04:47:41
576,193,26,add_to_cart,2023-07-22 21:40:45
577,194,42,view,2023-08-02 20:31:18
578,194,27,view,2023-07-13 04:16:30
579,195,11,add_to_cart,2023-07-22 04:12:07
580,195,47,purchase,2023-07-17 11:53:49
581,195,34,view,2023-08-06 20:06:53
582,195,18,purchase,2023-08-08 07:10:16
583,196,27,view,2023-08-07 05:18:54
584,196,43,add_to_cart,2023-07-19 09:17:53
585,196,13,view,2023-07-17 07:32:53
586,196,9,purchase,2023-08-08 18:59:32
587,197,47,add_to_cart,2023-07-18 02:49:48
588,198,35,purchase,2023-07-24 12:29:19
589,198,4,view,2023-08-07 01:21:39
590,198,46,purchase,2023-08-08 00:55:39
591,198,47,add_to_cart,2023-07-20 21:09:14
592,199,17,purchase,2023-07-29 17:18:47
593,199,9,view,2023-07-27 06:24:50
594,199,25,purchase,2023-07-30 03:48:59
595,200,21,purchase,2023-07-15 09:37:55
596,200,34,add_to_cart,2023-07-15 00:12:23
597,200,25,add_to_cart,2023-08-05 20:10:56
598,201,43,add_to_cart,2023-08-02 10:28:47
599,202,18,view,2023-07-28 21:52:45
600,202,35,view,2023-08-08 23:30:50
601,202,50,view,2023-08-04 14:30:24
602,203,22,view,2023-07-15 02:59:07
603,203,33,purchase,2023-08-09 16:49:14
604,203,23,add_to_cart,2023-07-15 20:44:48
605,204,9,add_to_cart,2023-08-09 09:24:50
606,204,17,add_to_cart,2023-07-12 01:29:20
607,204,43,purchase,2023-07-25 13:02:07
608,204,20,add_to_cart,2023-07-21 02:08:13
609,205,35,view,2023-07-18 16:39:27
610,206,18,add_to_cart,2023-07-26 16:03:35
611,207,20,add_to_cart,2023-08-04 10:30:09
612,207,8,purchase,2023-07-24 23:34:07
613,207,34,view,2023-07-17 14:27:10
614,207,48,view,2023-08-04 10:56:14
615,207,33,add_to_cart,2023-07-19 02:52:15
616,208,44,add_to_cart,2023-07-15 22:06:17
617,208,49,purchase,2023-08-08 02:47:11
618,208,16,view,2023-07-18 13:48:13
619,209,46,add_to_cart,2023-07-23 01:16:24
620,209,25,purchase,2023-08-08 20:38:48
621,209,34,purchase,2023-08-02 16:14:09
622,209,23,purchase,2023-07-27 07:35:35
623,209,8,purchase,2023-07-23 02:22:59
624,210,12,view,2023-07-16 05:04:16
625,210,43,purchase,2023-07-25 22:40:49
626,210,23,add_to_cart,2023-07-21 11:44:09
627,211,47,add_to_cart,2023-07-15 18:57:30
628,211,16,add_to_cart,2023-07-17 06:51:21
629,211,14,purchase,2023-07-22 04:24:00
630,211,4,view,2023-07-24 20:08:48
631,212,48,view,2023-08-02 11:15:03
632,212,29,add_to_cart,2023-07-19 11:16:40
633,213,36,view,2023-07-19 21:21:54
634,213,18,purchase,2023-08-04 07:59:56
635,213,11,purchase,2023-08-08 11:22:13
636,213,8,add_to_cart,2023-07-29 13:50:54
637,214,12,view,2023-07-27 15:48:40
638,214,30,purchase,2023-07-17 18:49:44
639,214,42,purchase,2023-08-05 12:06:14
640,214,4,view,2023-08-03 00:36:41
641,215,17,purchase,2023-07-16 05:17:24
642,215,24,add_to_cart,2023-07-27 07:26:33
643,215,8,view,2023-07-15 09:02:33
644,215,2,view,2023-08-02 00:05:14
645,215,28,purchase,2023-07-21 07:39:53
646,216,36,add_to_cart,2023-07-11 11:34:55
647,216,36,add_to_cart,2023-07-24 03:27:12
648,216,34,purchase,2023-07-26 15:42:57
649,217,7,add_to_cart,2023-08-03 17:07:37
650,217,34,view,2023-07-12 12:53:32
651,217,27,view,2023-08-08 15:49:40
652,218,31,add_to_cart,2023-07-21 22:42:51
653,218,35,purchase,2023-07-25 16:58:52
654,218,43,purchase,2023-08-03 12:52:13
655,219,43,add_to_cart,2023-07-25 09:00:20
656,219,44,view,2023-08-05 20:50:34
657,220,13,add_to_cart,2023-07-21 01:03:42
658,220,13,add_to_cart,2023-07-16 15:12:57
659,221,21,purchase,2023-07-20 13:25:13
660,221,6,purchase,2023-07-15 15:48:46
661,221,14,view,2023-07-31 06:39:39
662,222,5,purchase,2023-07-19 06:42:54
663,222,35,add_to_cart,2023-07-19 07:41:58
664,222,47,add_to_cart,2023-08-04 15:28:02
665,223,7,add_to_cart,2023-07-27 23:58:23
666,223,11,purchase,2023-07-16 09:15:17
667,223,15,add_to_cart,2023-07-31 09:30:13
668,223,39,add_to_cart,2023-08-05 10:37:43
669,224,38,add_to_cart,2023-07-30 14:29:13
670,224,19,add_to_cart,2023-08-09 07:25:32
671,224,33,add_to_cart,2023-08-04 04:55:35
672,224,25,view,2023-07-11 19:54:06
673,224,19,add_to_cart,2023-07-11 18:23:57
674,225,1,purchase,2023-07-17 01:20:26
675,225,4,add_to_cart,2023-07-23 12:21:50
676,225,5,purchase,2023-07-19 18:57:05
677,226,11,view,2023-08-07 15:42:14
678,226,47,add_to_cart,2023-07-31 11:26:46
679,226,36,view,2023-07-12 08:55:00
680,226,16,add_to_cart,2023-08-02 05:46:00
681,226,46,view,2023-07-30 22:27:02
682,227,5,view,2023-07-16 22:34:10
683,227,49,purchase,2023-08-07 13:27:06
684,227,40,add_to_cart,2023-07-28 10:20:49
685,227,12,view,2023-07-23 05:16:23
686,228,21,view,2023-07-27 01:45:39
687,228,17,add_to_cart,2023-07-21 23:18:59
688,228,34,add_to_cart,2023-07-31 21:54:23
689,229,18,purchase,2023-07-31 01:29:23
690,229,16,add_to_cart,2023-07-30 22:01:09
691,229,24,add_to_cart,2023-07-25 02:00:50
692,230,35,view,2023-07-24 15:04:13
693,230,21,add_to_cart,2023-07-26 17:13:36
694,231,25,view,2023-08-03 06:11:24
695,231,20,add_to_cart,2023-08-04 13:20:37
696,231,16,add_to_cart,2023-07-20 03:17:50
697,231,49,view,2023-07-20 17:57:43
698,232,33,add_to_cart,2023-07-31 16:12:07
699,232,45,add_to_cart,2023-07-13 02:52:56
700,232,13,view,2023-08-09 04:58:27
701,233,20,add_to_cart,2023-08-01 21:38:41
702,234,35,purchase,2023-07-31 00:34:05
703,234,27,view,2023-07-21 17:32:06
704,234,17,view,2023-07-31 07:49:21
705,234,43,purchase,2023-07-14 14:37:48
706,234,49,view,2023-07-24 19:56:23
707,235,33,view,2023-07-17 05:03:21
708,236,6,view,2023-07-28 08:38:59
709,236,34,view,2023-07-18 15:28:29
710,236,8,add_to_cart,2023-08-04 06:36:43
711,237,45,view,2023-07-29 09:10:44
712,237,28,add_to_cart,2023-08-08 20:49:53
713,237,33,add_to_cart,2023-08-04 09:09:59
714,237,36,view,2023-07-18 06:00:40
715,237,41,view,2023-07-22 20:10:41
716,238,19,view,2023-07-18 00:18:56
717,238,27,purchase,2023-07-31 08:46:30
718,238,35,add_to_cart,2023-07-20 15:11:13
719,238,8,purchase,2023-07-20 04:37:33
720,239,34,purchase,2023-07-18 21:05:01
721,239,16,purchase,2023-07-28 19:20:48
722,239,17,view,2023-07-19 17:45:43
723,240,25,add_to_cart,2023-07-21 14:23:45
724,240,27,purchase,2023-07-28 00:08:33
725,240,20,view,2023-07-29 00:04:36
726,240,40,add_to_cart,2023-07-26 17:22:21
727,240,3,purchase,2023-08-08 06:39:22
728,241,21,view,2023-07-27 11:41:17
729,241,40,view,2023-08-02 06:54:41
730,242,26,view,2023-07-30 02:37:29
731,242,35,view,2023-07-11 21:52:32
732,243,39,purchase,2023-07-16 03:34:00
733,243,32,view,2023-07-12 16:27:12
734,243,5,purchase,2023-07-15 03:26:05
735,243,14,purchase,2023-07-25 10:22:39
736,243,44,purchase,2023-07-22 14:12:02
737,244,42,view,2023-08-05 22:25:04
738,244,34,view,2023-07-28 21:01:30
739,244,7,add_to_cart,2023-07-11 10:19:09
740,244,19,purchase,2023-08-04 18:55:31
741,244,18,view,2023-07-15 01:42:45
742,245,29,purchase,2023-07-26 18:22:16
743,245,5,view,2023-07-14 12:47:07
744,245,34,view,2023-08-02 16:29:59
745,246,11,purchase,2023-07-30 21:43:16
746,246,14,view,2023-07-23 15:08:34
747,246,31,purchase,2023-08-07 18:19:57
748,246,32,purchase,2023-07-19 13:07:03
749,247,11,purchase,2023-08-03 05:57:56
750,247,25,add_to_cart,2023-07-31 07:31:31
751,247,35,add_to_cart,2023-07-25 22:08:08
752,247,28,view,2023-07-24 12:18:18
753,248,37,view,2023-08-08 11:56:00
754,248,23,purchase,2023-07-16 10:30:51
755,249,6,purchase,2023-07-20 21:09:42
756,249,45,purchase,2023-07-20 00:24:35
757,249,6,view,2023-07-31 14:55:43
758,250,21,view,2023-08-02 08:48:24
759,250,27,view,2023-07-14 16:07:21
760,250,10,purchase,2023-07-27 13:44:52
761,250,15,purchase,2023-08-07 11:36:12
762,251,29,add_to_cart,2023-07-17 04:48:36
763,251,32,purchase,2023-08-03 10:03:22
764,251,43,purchase,2023-08-02 01:35:10
765,251,16,add_to_cart,2023-08-06 00:50:05
766,251,6,add_to_cart,2023-07-18 13:46:57
767,252,40,add_to_cart,2023-07-27 07:34:51
768,252,4,view,2023-07-14 05:35:00
769,252,30,view,2023-08-07 06:11:56
770,253,2,view,2023-07-14 01:03:57
771,253,11,view,2023-08-03 23:17:06
772,253,18,add_to_cart,2023-07-24 11:24:36
773,253,25,view,2023-07-12 09:25:04
774,254,17,view,2023-07-22 00:24:01
775,254,15,add_to_cart,2023-08-03 05:58:36
776,254,5,add_to_cart,2023-07-26 12:57:49
777,254,42,purchase,2023-08-07 00:30:11
778,255,24,purchase,2023-07-14 11:26:47
779,255,16,view,2023-07-27 07:08:33
780,256,8,purchase,2023-07-21 03:34:34
781,257,6,purchase,2023-07-15 06:57:35
782,257,18,view,2023-07-17 08:44:00
783,257,8,view,2023-08-09 15:04:28
784,257,20,add_to_cart,2023-07-28 08:23:10
785,258,50,add_to_cart,2023-07-21 02:07:26
786,258,44,view,2023-08-05 08:14:04
787,258,42,purchase,2023-07-30 09:33:41
788,258,26,add_to_cart,2023-08-03 16:08:40
789,259,32,purchase,2023-07-27 22:10:25
790,259,25,view,2023-08-04 18:28:28
791,259,36,add_to_cart,2023-07-18 23:23:26
792,259,1,view,2023-07-21 23:52:26
793,259,27,view,2023-08-09 09:42:09
794,260,28,view,2023-07-26 16:48:06
795,260,29,add_to_cart,2023-07-12 16:26:27
796,260,17,purchase,2023-07-27 12:16:21
797,261,23,purchase,2023-08-03 20:03:48
798,262,12,view,2023-07-16 01:13:23
799,262,4,add_to_cart,2023-07-26 14:59:14
800,262,15,purchase,2023-07-13 14:31:32
801,262,6,purchase,2023-08-06 21:38:24
802,262,30,add_to_cart,2023-08-06 00:55:27
803,263,21,view,2023-07-19 21:27:23
804,264,10,add_to_cart,2023-08-01 21:00:15
805,264,18,add_to_cart,2023-08-05 12:28:59
806,264,28,add_to_cart,2023-07-14 13:16:47
807,264,41,add_to_cart,2023-07-29 23:28:45
808,265,38,add_to_cart,2023-07-26 17:05:10
809,265,29,purchase,2023-07-26 19:08:09
810,265,14,add_to_cart,2023-08-04 14:44:02
811,265,25,purchase,2023-08-09 02:34:24
812,266,15,view,2023-07-29 22:34:50
813,267,39,view,2023-07-20 23:15:37
814,267,27,view,2023-08-06 09:57:57
815,267,44,add_to_cart,2023-07-26 03:39:20
816,267,3,view,2023-07-29 14:39:32
817,267,15,view,2023-07-29 12:12:40
818,268,44,add_to_cart,2023-07-20 06:44:32
819,268,29,purchase,2023-07-12 23:54:21
820,268,42,purchase,2023-07-29 17:40:25
821,268,27,add_to_cart,2023-07-28 22:01:20
822,268,22,purchase,2023-07-16 01:11:46
823,269,4,purchase,2023-07-18 08:59:59
824,269,8,add_to_cart,2023-07-23 05:58:23
825,269,46,purchase,2023-07-27 07:02:38
826,270,32,add_to_cart,2023-08-05 17:53:47
827,271,33,add_to_cart,2023-07-26 21:33:19
828,271,38,purchase,2023-07-25 03:39:48
829,272,43,view,2023-07-20 01:14:12
830,273,16,view,2023-07-16 15:02:38
831,273,39,view,2023-07-26 08:57:50
832,274,21,add_to_cart,2023-08-06 01:13:23
833,274,35,view,2023-07-27 15:51:03
834,274,34,add_to_cart,2023-08-01 00:49:59
835,274,38,purchase,2023-07-14 05:23:20
836,275,22,purchase,2023-07-25 21:21:27
837,275,24,add_to_cart,2023-07-19 22:42:24
838,276,49,add_to_cart,2023-08-05 17:41:03
839,276,7,view,2023-07-27 13:35:05
840,276,29,add_to_cart,2023-08-09 01:26:58
841,277,16,add_to_cart,2023-07-23 06:16:18
842,277,47,view,2023-07-20 04:41:35
843,277,16,purchase,2023-07-28 06:00:23
844,278,24,view,2023-07-25 17:40:52
845,278,19,add_to_cart,2023-07-14 20:39:06
846,278,48,purchase,2023-08-02 13:52:40
847,279,12,purchase,2023-07-23 02:11:11
848,279,36,view,2023-08-01 05:34:07
849,279,48,view,2023-07-27 02:48:08
850,280,29,purchase,2023-07-26 16:58:04
851,280,7,purchase,2023-07-30 20:55:00
852,280,39,purchase,2023-08-06 23:08:35
853,280,49,purchase,2023-08-01 13:20:11
854,280,4,view,2023-08-04 15:43:54
855,281,23,purchase,2023-08-07 22:04:46
856,281,18,purchase,2023-07-14 00:00:10
857,281,39,purchase,2023-08-08 08:46:36
858,281,24,purchase,2023-07-30 12:53:19
859,282,29,purchase,2023-07-23 08:59:45
860,282,37,purchase,2023-08-06 08:21:08
861,283,42,purchase,2023-07-14 20:51:12
862,283,30,add_to_cart,2023-07-14 15:48:36
863,283,1,add_to_cart,2023-07-22 18:53:21
864,283,29,purchase,2023-07-31 07:08:14
865,283,6,view,2023-07-22 22:51:14
866,284,13,purchase,2023-08-03 13:25:36
867,284,42,add_to_cart,2023-08-08 16:08:34
868,285,35,add_to_cart,2023-08-09 18:31:56
869,285,37,add_to_cart,2023-07-12 23:40:13
870,286,43,purchase,2023-08-09 18:15:30
871,286,44,purchase,2023-08-09 17:54:45
872,287,10,add_to_cart,2023-07-20 09:20:49
873,287,37,add_to_cart,2023-07-25 06:27:57
874,288,10,purchase,2023-08-06 09:12:00
875,289,22,purchase,2023-08-08 19:31:33
876,289,12,add_to_cart,2023-07-14 14:38:58
877,289,13,purchase,2023-07-25 17:33:34
878,290,41,add_to_cart,2023-08-03 07:01:02
879,290,34,add_to_cart,2023-08-09 20:30:02
880,290,38,view,2023-07-28 07:06:56
881,291,29,add_to_cart,2023-08-05 13:22:40
882,291,15,add_to_cart,2023-08-05 05:17:05
883,292,29,add_to_cart,2023-08-02 01:29:29
884,292,42,add_to_cart,2023-07-30 13:17:42
885,292,9,view,2023-08-09 12:44:11
886,293,10,add_to_cart,2023-08-01 11:02:38
887,293,50,purchase,2023-07-22 18:30:23
888,293,6,purchase,2023-08-08 07:29:33
889,293,30,purchase,2023-08-09 12:57:03
890,294,25,purchase,2023-07-12 16:13:41
891,294,45,add_to_cart,2023-08-02 07:05:57
892,295,25,add_to_cart,2023-07-21 03:26:42
893,295,30,add_to_cart,2023-08-03 13:16:30
894,295,25,add_to_cart,2023-07-18 05:19:20
895,295,22,view,2023-07-23 18:19:24
896,295,34,view,2023-07-30 14:08:24
897,296,5,purchase,2023-07-31 07:38:33
898,297,5,add_to_cart,2023-07-30 16:40:08
899,297,43,add_to_cart,2023-07-17 11:54:23
900,297,24,view,2023-08-07 09:33:21
901,297,28,add_to_cart,2023-07-30 06:58:19
902,297,10,view,2023-08-04 22:11:47
903,298,44,view,2023-08-03 08:22:07
904,298,45,add_to_cart,2023-07-14 09:44:16
905,298,1,view,2023-07-19 04:02:36
906,298,32,add_to_cart,2023-08-09 18:14:56
907,299,33,add_to_cart,2023-08-02 05:16:34
908,299,29,purchase,2023-07-24 19:22:12
909,299,22,add_to_cart,2023-08-04 22:09:06
910,299,28,purchase,2023-07-28 11:54:52
911,299,41,add_to_cart,2023-07-14 01:06:31
912,300,4,purchase,2023-07-21 11:36:40
913,300,49,purchase,2023-08-03 03:30:51
914,300,8,purchase,2023-08-09 19:09:32
915,300,13,add_to_cart,2023-08-06 04:11:30
916,300,27,purchase,2023-07-31 21:19:35
917,301,12,purchase,2023-07-12 19:19:12
918,301,24,add_to_cart,2023-08-03 06:37:03
919,301,22,view,2023-07-11 10:44:12
920,301,7,purchase,2023-07-22 20:08:37
921,302,16,view,2023-07-27 13:22:03
922,302,42,view,2023-07-16 06:09:55
923,303,43,view,2023-07-19 17:40:10
924,303,4,add_to_cart,2023-07-19 23:03:36
925,303,44,add_to_cart,2023-07-12 12:37:35
926,303,3,add_to_cart,2023-07-13 09:50:40
927,304,13,purchase,2023-07-18 08:10:31
928,304,19,purchase,2023-07-23 03:25:18
929,304,48,add_to_cart,2023-08-08 06:16:13
930,304,40,view,2023-07-24 10:37:50
931,305,30,view,2023-07-23 00:10:20
932,305,30,purchase,2023-08-02 08:25:25
933,305,1,purchase,2023-07-11 00:51:04
934,305,43,add_to_cart,2023-08-03 16:04:13
935,305,32,purchase,2023-08-03 15:55:30
936,306,45,view,2023-08-06 23:23:57
937,307,33,add_to_cart,2023-07-13 11:51:05
938,307,11,view,2023-07-21 19:24:23
939,307,7,view,2023-07-16 22:53:58
940,307,45,add_to_cart,2023-07-11 01:43:52
941,307,42,add_to_cart,2023-07-28 13:14:02
942,308,2,purchase,2023-07-31 01:11:05
943,308,24,purchase,2023-07-11 02:27:24
944,308,2,purchase,2023-07-26 22:04:10
945,308,20,purchase,2023-08-07 21:34:28
946,309,38,add_to_cart,2023-08-05 19:59:25
947,310,7,view,2023-07-22 06:49:24
948,310,39,add_to_cart,2023-07-24 16:36:11
949,310,6,add_to_cart,2023-08-02 05:59:16
950,310,25,purchase,2023-07-31 16:57:19
951,311,19,purchase,2023-07-28 07:38:39
952,311,11,view,2023-07-28 23:45:32
953,312,26,purchase,2023-07-16 15:20:10
954,312,44,view,2023-07-17 16:46:36
955,312,19,view,2023-08-09 04:59:21
956,313,33,add_to_cart,2023-07-22 00:36:33
957,313,26,view,2023-07-18 14:36:24
958,313,3,view,2023-07-22 11:27:30
959,313,36,purchase,2023-07-25 03:47:43
960,314,2,purchase,2023-07-31 03:08:54
961,314,9,view,2023-07-27 19:11:31
962,314,40,add_to_cart,2023-08-07 19:26:56
963,315,39,purchase,2023-07-21 15:22:51
964,315,22,view,2023-07-26 08:38:10
965,315,13,add_to_cart,2023-07-21 03:44:06
966,315,20,purchase,2023-08-07 04:04:05
967,316,29,view,2023-08-09 06:58:26
968,316,25,purchase,2023-08-01 17:47:29
969,317,19,view,2023-08-02 09:04:19
970,317,26,add_to_cart,2023-08-05 21:43:54
971,317,7,view,2023-07-31 15:04:33
972,317,6,purchase,2023-07-18 07:19:05
973,317,30,purchase,2023-08-07 07:05:28
974,318,44,view,2023-07-27 04:01:53
975,319,7,add_to_cart,2023-07-17 09:31:46
976,320,12,purchase,2023-07-12 21:42:20
977,320,31,purchase,2023-07-11 02:36:57
978,321,44,view,2023-07-14 23:56:40
979,321,12,view,2023-07-25 12:40:08
980,321,36,purchase,2023-08-02 21:41:09
981,322,34,view,2023-07-30 15:53:35
982,322,7,add_to_cart,2023-08-08 04:26:39
983,323,40,view,2023-07-25 02:05:11
984,323,23,purchase,2023-07-19 02:08:39
985,323,7,view,2023-08-05 19:54:02
986,324,9,purchase,2023-08-04 14:48:42
987,324,4,add_to_cart,2023-07-29 13:14:26
988,324,39,view,2023-07-22 15:35:25
989,324,41,view,2023-07-22 12:03:20
990,324,16,purchase,2023-07-20 16:29:25
991,325,17,view,2023-07-11 02:03:55
992,326,46,view,2023-08-07 16:33:22
993,326,35,add_to_cart,2023-08-07 22:58:03
994,326,15,add_to_cart,2023-08-07 22:12:09
995,326,45,purchase,2023-07-31 07:00:34
996,327,13,purchase,2023-08-03 17:11:20
997,327,35,add_to_cart,2023-07-18 08:27:54
998,327,49,add_to_cart,2023-08-05 17:04:49
999,328,45,add_to_cart,2023-07-22 17:58:24
1000,328,33,purchase,2023-08-01 11:24:10
1001,329,9,add_to_cart,2023-07-17 16:35:06
1002,330,31,purchase,2023-07-29 03:29:31
1003,330,17,view,2023-08-07 12:08:34
1004,330,36,view,2023-07-11 07:50:20
1005,330,26,view,2023-07-19 09:11:15
1006,330,49,add_to_cart,2023-08-08 10:51:08
1007,331,49,purchase,2023-07-30 14:40:27
1008,331,15,add_to_cart,2023-07-24 22:10:49
1009,331,18,view,2023-08-09 19:46:54
1010,331,24,purchase,2023-07-21 18:13:16
1011,331,21,add_to_cart,2023-07-14 15:24:57
1012,332,24,view,2023-07-12 13:51:48
1013,332,32,add_to_cart,2023-07-20 19:34:47
1014,332,26,add_to_cart,2023-07-13 09:28:17
1015,332,12,view,2023-08-03 15:42:55
1016,332,38,purchase,2023-07-17 05:12:43
1017,333,39,view,2023-08-04 13:18:31
1018,333,44,view,2023-08-03 02:58:41
1019,333,7,purchase,2023-07-12 11:00:04
1020,334,39,purchase,2023-07-26 04:37:59
1021,334,28,view,2023-07-27 23:30:50
1022,334,35,purchase,2023-08-02 09:36:47
1023,335,47,view,2023-07-22 21:18:22
1024,335,19,add_to_cart,2023-07-12 16:49:04
1025,335,20,view,2023-07-20 08:03:01
1026,336,36,purchase,2023-07-31 00:55:02
1027,337,1,add_to_cart,2023-07-29 12:41:40
1028,337,47,add_to_cart,2023-08-04 16:25:22
1029,337,38,add_to_cart,2023-07-11 04:36:01
1030,338,7,purchase,2023-07-28 06:55:15
1031,338,42,view,2023-08-02 14:16:24
1032,338,38,view,2023-07-12 08:59:23
1033,338,5,add_to_cart,2023-08-04 22:32:31
1034,339,50,view,2023-07-23 07:34:58
1035,339,16,view,2023-07-19 19:55:19
1036,339,46,purchase,2023-08-05 23:48:14
1037,339,50,view,2023-07-31 21:06:38
1038,340,34,view,2023-08-09 11:29:47
1039,340,17,view,2023-07-31 08:39:05
1040,340,49,view,2023-07-23 14:54:23
1041,340,1,view,2023-07-31 06:21:59
1042,340,3,add_to_cart,2023-07-18 23:46:44
1043,341,35,purchase,2023-07-31 23:55:01
1044,341,43,view,2023-07-17 12:35:46
1045,341,34,add_to_cart,2023-07-28 01:26:48
1046,341,6,view,2023-07-14 13:13:11
1047,342,21,view,2023-08-07 19:54:13
1048,342,10,purchase,2023-08-08 05:08:34
1049,342,32,add_to_cart,2023-07-20 07:09:16
1050,343,42,add_to_cart,2023-07-30 03:49:51
1051,343,44,view,2023-07-31 05:05:13
1052,343,12,add_to_cart,2023-08-04 20:35:12
1053,343,37,add_to_cart,2023-08-04 16:48:50
1054,343,1,view,2023-07-30 20:13:37
1055,344,22,add_to_cart,2023-07-14 18:12:58
1056,344,2,view,2023-08-02 17:40:07
1057,344,10,add_to_cart,2023-07-21 12:45:48
1058,344,36,view,2023-08-01 22:44:50
1059,345,35,view,2023-07-22 14:56:08
1060,345,40,view,2023-08-01 15:37:08
1061,345,23,add_to_cart,2023-08-06 11:34:29
1062,345,4,purchase,2023-08-09 13:10:31
1063,346,14,view,2023-08-02 08:16:19
1064,346,40,add_to_cart,2023-08-06 14:35:29
1065,346,10,add_to_cart,2023-08-04 11:24:17
1066,346,39,view,2023-07-29 01:50:02
1067,347,16,purchase,2023-07-20 12:41:02
1068,347,45,view,2023-07-27 09:54:34
1069,347,35,purchase,2023-07-24 07:33:18
1070,348,50,view,2023-07-30 13:52:34
1071,348,14,view,2023-07-17 03:45:28
1072,348,11,view,2023-07-12 22:03:04
1073,348,15,purchase,2023-08-01 21:38:08
1074,348,50,purchase,2023-07-30 03:22:36
1075,349,46,add_to_cart,2023-08-03 19:25:19
1076,349,15,add_to_cart,2023-07-25 06:34:28
1077,350,50,add_to_cart,2023-07-12 23:42:56
1078,351,33,purchase,2023-07-30 13:02:16
1079,351,36,purchase,2023-08-03 23:58:33
1080,351,19,purchase,2023-07-29 23:38:35
1081,352,23,add_to_cart,2023-07-27 21:48:12
1082,352,48,view,2023-08-07 13:00:31
1083,352,18,add_to_cart,2023-08-09 16:37:12
1084,353,20,add_to_cart,2023-08-08 15:47:23
1085,353,27,view,2023-07-23 21:09:24
1086,354,30,purchase,2023-07-29 19:09:58
1087,354,31,add_to_cart,2023-07-14 17:12:35
1088,354,6,add_to_cart,2023-07-11 20:45:33
1089,355,25,view,2023-08-06 17:57:04
1090,355,38,view,2023-08-05 04:46:16
1091,355,44,add_to_cart,2023-07-23 16:02:22
1092,356,35,purchase,2023-07-11 01:57:51
1093,356,8,add_to_cart,2023-07-14 15:41:48
1094,356,4,purchase,2023-07-28 18:52:27
1095,356,33,view,2023-08-09 06:11:59
1096,357,19,view,2023-07-20 22:35:29
1097,358,5,purchase,2023-07-20 05:41:44
1098,358,30,add_to_cart,2023-07-11 23:33:03
1099,358,26,view,2023-07-22 01:22:13
1100,358,18,view,2023-07-30 09:03:02
1101,359,1,view,2023-07-28 06:30:51
1102,359,9,view,2023-07-27 03:31:54
1103,359,2,add_to_cart,2023-07-16 12:00:10
1104,360,48,purchase,2023-07-18 22:31:29
1105,360,32,view,2023-07-21 02:42:43
1106,360,2,add_to_cart,2023-07-21 07:46:55
1107,360,18,view,2023-08-09 14:01:54
1108,361,33,purchase,2023-07-26 13:19:56
1109,361,18,view,2023-07-17 10:36:12
1110,361,8,purchase,2023-07-19 21:50:30
1111,362,49,purchase,2023-07-19 17:21:39
1112,362,50,purchase,2023-07-23 01:52:41
1113,362,31,purchase,2023-07-16 17:24:18
1114,362,10,view,2023-07-27 14:39:02
1115,363,12,view,2023-07-27 21:54:33
1116,363,45,add_to_cart,2023-07-16 15:21:39
1117,364,19,add_to_cart,2023-07-15 19:50:09
1118,365,33,view,2023-07-25 20:36:29
1119,365,5,view,2023-08-02 12:13:07
1120,365,16,add_to_cart,2023-07-14 00:02:10
1121,365,36,add_to_cart,2023-07-19 11:25:09
1122,366,17,view,2023-07-11 00:54:03
1123,366,49,view,2023-08-07 10:11:23
1124,366,43,purchase,2023-07-11 08:16:03
1125,366,6,add_to_cart,2023-07-27 02:05:49
1126,366,23,add_to_cart,2023-08-08 06:48:59
1127,367,4,add_to_cart,2023-07-25 07:40:28
1128,367,47,purchase,2023-07-29 22:05:30
1129,367,10,purchase,2023-07-17 05:00:19
1130,368,7,view,2023-07-27 21:17:54
1131,369,49,purchase,2023-08-05 07:19:19
1132,369,38,view,2023-08-03 20:20:33
1133,370,25,purchase,2023-07-25 03:34:17
1134,370,22,add_to_cart,2023-07-18 09:03:41
1135,370,14,add_to_cart,2023-07-29 15:06:35
1136,370,12,add_to_cart,2023-07-22 16:04:35
1137,371,23,view,2023-07-18 01:17:56
1138,371,14,add_to_cart,2023-07-26 21:07:42
1139,372,37,view,2023-07-27 19:18:17
1140,372,48,add_to_cart,2023-07-31 22:47:08
1141,372,35,add_to_cart,2023-08-05 14:15:40
1142,372,26,view,2023-07-28 20:18:18
1143,372,45,add_to_cart,2023-08-04 16:32:11
1144,373,16,add_to_cart,2023-07-15 20:56:06
1145,373,40,purchase,2023-08-03 22:12:02
1146,373,27,view,2023-07-26 04:11:35
1147,374,18,purchase,2023-07-13 17:12:54
1148,374,38,add_to_cart,2023-07-25 16:09:16
1149,375,13,add_to_cart,2023-08-02 15:26:48
1150,376,15,add_to_cart,2023-07-11 04:53:38
1151,376,21,view,2023-08-04 15:11:04
1152,377,14,purchase,2023-07-25 05:02:56
1153,378,33,view,2023-07-31 06:08:58
1154,378,28,purchase,2023-07-13 21:13:58
1155,379,45,add_to_cart,2023-08-03 06:20:09
1156,379,23,view,2023-08-07 21:06:59
1157,379,44,view,2023-07-28 14:38:26
1158,380,22,purchase,2023-08-07 19:22:26
1159,380,41,view,2023-07-17 13:38:38
1160,380,10,add_to_cart,2023-07-20 14:59:13
1161,380,18,view,2023-07-19 11:23:59
1162,380,49,purchase,2023-07-25 16:24:34
1163,381,40,purchase,2023-07-31 01:02:51
1164,381,48,add_to_cart,2023-07-24 21:28:59
1165,381,10,add_to_cart,2023-08-07 15:08:40
1166,381,31,purchase,2023-08-05 15:58:05
1167,382,4,purchase,2023-07-24 19:29:16
1168,382,45,purchase,2023-07-19 17:41:34
1169,382,17,add_to_cart,2023-07-12 13:06:13
1170,382,34,view,2023-07-18 17:26:49
1171,383,10,view,2023-07-23 14:24:13
1172,383,12,view,2023-08-01 19:55:32
1173,383,36,add_to_cart,2023-07-13 17:15:14
1174,383,31,view,2023-07-19 03:19:09
1175,384,9,purchase,2023-08-03 10:22:58
1176,384,21,add_to_cart,2023-08-05 10:07:18
1177,385,42,purchase,2023-08-09 10:49:04
1178,385,29,add_to_cart,2023-07-23 09:08:14
1179,385,27,add_to_cart,2023-08-05 13:18:18
1180,385,47,purchase,2023-08-09 11:51:02
1181,385,49,view,2023-07-31 09:13:52
1182,386,14,add_to_cart,2023-07-25 17:21:43
1183,387,36,add_to_cart,2023-07-31 02:57:13
1184,388,45,view,2023-07-18 12:31:15
1185,388,42,view,2023-07-25 14:11:25
1186,389,3,view,2023-07-30 05:51:17
1187,389,18,view,2023-07-14 20:03:36
1188,389,20,view,2023-07-12 15:39:19
1189,389,2,purchase,2023-07-20 16:38:20
1190,390,38,view,2023-07-18 07:18:34
1191,390,36,view,2023-07-15 05:41:25
1192,390,7,add_to_cart,2023-08-01 18:03:31
1193,390,31,purchase,2023-08-08 22:07:25
1194,391,17,view,2023-07-31 02:15:52
1195,391,19,purchase,2023-07-15 21:39:48
1196,391,18,purchase,2023-07-23 18:37:25
1197,392,16,add_to_cart,2023-07-16 21:55:21
1198,392,24,add_to_cart,2023-07-18 15:50:59
1199,392,22,view,2023-07-13 03:43:37
1200,392,9,add_to_cart,2023-07-19 11:31:54
1201,393,19,view,2023-08-01 23:16:36
1202,393,1,add_to_cart,2023-08-03 03:40:26
1203,393,12,view,2023-07-19 16:35:15
1204,393,46,purchase,2023-07-19 13:45:26
1205,394,23,view,2023-08-01 12:11:23
1206,394,41,purchase,2023-08-01 15:12:08
1207,395,27,view,2023-07-28 23:14:45
1208,395,37,purchase,2023-08-01 05:35:35
1209,395,48,add_to_cart,2023-07-29 15:20:26
1210,395,47,add_to_cart,2023-08-02 06:20:11
1211,395,13,add_to_cart,2023-08-07 13:09:42
1212,396,14,view,2023-07-21 22:31:51
1213,397,28,add_to_cart,2023-07-16 15:20:34
1214,397,18,add_to_cart,2023-07-23 21:57:28
1215,397,39,purchase,2023-07-17 21:57:51
1216,397,4,view,2023-07-19 00:03:37
1217,398,15,purchase,2023-07-17 05:55:46
1218,399,13,view,2023-08-02 09:38:15
1219,399,33,add_to_cart,2023-07-28 05:20:42
1220,399,34,view,2023-07-18 19:44:18
1221,400,7,view,2023-07-30 23:02:19
1222,400,26,view,2023-07-23 08:41:11
1223,400,8,add_to_cart,2023-07-25 23:42:07
1224,401,46,purchase,2023-07-11 22:29:41
1225,401,45,add_to_cart,2023-07-28 16:15:24
1226,401,50,add_to_cart,2023-07-14 08:42:33
1227,401,11,add_to_cart,2023-07-22 19:29:22
1228,402,43,purchase,2023-07-13 06:23:26
1229,402,31,purchase,2023-08-06 05:26:06
1230,402,8,view,2023-07-11 02:43:11
1231,402,10,purchase,2023-07-11 15:09:20
1232,403,50,add_to_cart,2023-08-03 06:32:28
1233,403,22,add_to_cart,2023-08-02 15:59:59
1234,403,39,view,2023-07-16 11:32:42
1235,404,9,view,2023-07-31 22:58:25
1236,404,12,view,2023-07-17 05:22:59
1237,404,41,add_to_cart,2023-07-16 22:23:11
1238,404,13,add_to_cart,2023-08-08 15:13:34
1239,404,22,add_to_cart,2023-07-13 02:36:04
1240,405,21,view,2023-07-21 03:53:13
1241,406,24,purchase,2023-08-06 21:27:07
1242,406,9,purchase,2023-07-30 22:13:00
1243,406,40,purchase,2023-08-08 12:20:56
1244,406,32,view,2023-08-05 17:47:59
1245,407,8,purchase,2023-07-21 15:29:25
1246,407,47,add_to_cart,2023-07-26 14:07:43
1247,407,15,purchase,2023-08-02 23:22:00
1248,407,46,view,2023-08-03 07:52:42
1249,408,12,purchase,2023-07-28 05:10:29
1250,409,2,purchase,2023-08-09 10:37:17
1251,409,17,view,2023-07-18 15:34:28
1252,410,28,purchase,2023-07-11 20:43:35
1253,410,49,view,2023-07-14 07:20:58
1254,410,10,add_to_cart,2023-07-26 12:46:53
1255,410,22,purchase,2023-08-04 03:16:49
1256,410,36,view,2023-07-20 08:15:46
1257,411,7,view,2023-07-21 22:03:56
1258,411,7,add_to_cart,2023-07-20 12:59:43
1259,411,40,purchase,2023-07-15 04:38:18
1260,411,27,add_to_cart,2023-07-28 15:21:27
1261,412,32,view,2023-07-20 14:57:43
1262,412,14,add_to_cart,2023-07-28 18:44:18
1263,412,3,view,2023-07-24 14:50:35
1264,412,18,view,2023-07-12 09:59:20
1265,413,36,purchase,2023-07-22 01:53:09
1266,413,8,purchase,2023-07-15 05:47:12
1267,414,42,add_to_cart,2023-07-24 17:05:27
1268,414,28,add_to_cart,2023-07-30 14:05:01
1269,415,11,purchase,2023-07-11 22:44:56
1270,415,45,view,2023-08-06 12:16:57
1271,415,39,add_to_cart,2023-07-27 06:49:36
1272,415,45,purchase,2023-07-18 00:58:57
1273,416,42,purchase,2023-07-22 17:16:39
1274,416,18,purchase,2023-07-28 10:00:18
1275,417,16,add_to_cart,2023-07-21 00:57:37
1276,417,28,add_to_cart,2023-07-31 03:29:54
1277,417,2,view,2023-08-03 10:09:33
1278,417,37,view,2023-07-31 12:59:56
1279,417,26,purchase,2023-07-31 12:37:11
1280,418,43,purchase,2023-08-02 17:53:23
1281,419,29,add_to_cart,2023-07-26 17:01:11
1282,419,20,add_to_cart,2023-07-27 13:33:05
1283,419,16,purchase,2023-07-19 23:56:32
1284,419,49,add_to_cart,2023-07-29 02:25:40
1285,419,29,add_to_cart,2023-08-08 13:39:11
1286,420,34,purchase,2023-07-29 08:08:52
1287,421,31,purchase,2023-07-29 05:54:38
1288,421,13,purchase,2023-08-09 16:47:20
1289,421,41,purchase,2023-08-03 16:00:59
1290,422,4,purchase,2023-07-24 13:33:03
1291,422,17,purchase,2023-08-05 08:44:29
1292,422,18,purchase,2023-08-08 09:06:26
1293,422,16,purchase,2023-07-23 22:23:10
1294,422,48,view,2023-07-13 16:25:32
1295,423,12,purchase,2023-07-24 16:55:47
1296,423,32,view,2023-07-12 21:24:14
1297,423,1,purchase,2023-07-30 19:25:05
1298,423,30,add_to_cart,2023-08-02 22:01:10
1299,424,21,view,2023-07-14 06:54:47
1300,424,9,view,2023-07-25 22:25:52
1301,425,37,add_to_cart,2023-07-19 18:08:34
1302,425,28,add_to_cart,2023-08-09 19:58:58
1303,425,33,add_to_cart,2023-07-26 16:29:49
1304,425,42,purchase,2023-07-21 00:53:08
1305,425,22,view,2023-08-01 13:35:34
1306,426,21,view,2023-08-09 21:46:46
1307,426,37,view,2023-07-24 04:13:33
1308,426,15,purchase,2023-08-04 18:15:19
1309,426,24,purchase,2023-07-24 04:02:05
1310,427,16,purchase,2023-07-22 16:58:20
1311,427,24,view,2023-08-03 20:31:20
1312,427,23,purchase,2023-08-06 00:46:09
1313,427,16,purchase,2023-07-20 10:44:54
1314,428,29,view,2023-07-13 01:29:43
1315,428,35,add_to_cart,2023-07-31 23:28:49
1316,428,29,add_to_cart,2023-07-31 11:58:39
1317,429,42,add_to_cart,2023-07-31 04:31:16
1318,429,7,purchase,2023-07-11 10:07:49
1319,430,11,view,2023-08-02 14:10:38
1320,431,50,purchase,2023-07-12 04:18:58
1321,431,21,view,2023-07-16 11:14:07
1322,432,42,add_to_cart,2023-08-08 08:16:45
1323,432,11,view,2023-07-28 02:16:33
1324,432,41,purchase,2023-07-27 13:31:34
1325,432,35,purchase,2023-07-19 20:57:35
1326,432,33,purchase,2023-07-16 05:37:44
1327,433,44,add_to_cart,2023-07-29 10:30:38
1328,433,30,view,2023-08-03 09:57:02
1329,433,42,add_to_cart,2023-07-29 13:18:23
1330,433,14,view,2023-07-14 00:18:13
1331,433,50,view,2023-07-22 09:08:47
1332,434,26,view,2023-07-22 15:47:29
1333,434,14,view,2023-07-15 06:14:20
1334,434,16,add_to_cart,2023-08-03 13:35:36
1335,435,41,purchase,2023-08-08 15:03:48
1336,435,32,purchase,2023-07-28 14:55:47
1337,436,34,add_to_cart,2023-07-21 14:48:39
1338,437,22,purchase,2023-08-03 07:10:24
1339,437,9,purchase,2023-07-23 09:45:13
1340,438,7,add_to_cart,2023-07-30 11:20:35
1341,438,18,purchase,2023-07-14 22:18:13
1342,439,27,purchase,2023-08-05 12:07:36
1343,440,27,add_to_cart,2023-08-04 08:27:58
1344,440,21,purchase,2023-07-31 07:34:46
1345,440,49,add_to_cart,2023-08-09 08:25:59
1346,440,3,purchase,2023-07-27 08:45:18
1347,440,46,add_to_cart,2023-08-09 14:00:29
1348,441,38,view,2023-07-21 17:48:38
1349,441,41,view,2023-07-24 16:15:15
1350,441,40,add_to_cart,2023-07-11 20:02:55
1351,441,10,purchase,2023-08-02 12:49:54
1352,441,41,add_to_cart,2023-08-05 15:25:16
1353,442,1,purchase,2023-07-21 03:54:40
1354,443,47,purchase,2023-08-03 07:36:28
1355,443,17,view,2023-07-31 11:58:07
1356,443,23,view,2023-07-14 13:09:14
1357,443,48,purchase,2023-07-11 09:44:25
1358,443,23,add_to_cart,2023-07-27 18:44:12
1359,444,10,purchase,2023-07-22 22:49:09
1360,444,31,add_to_cart,2023-07-17 06:54:21
1361,444,37,view,2023-07-14 04:48:32
1362,444,13,add_to_cart,2023-07-22 13:28:37
1363,445,32,add_to_cart,2023-07-31 22:11:04
1364,445,29,purchase,2023-07-25 23:25:32
1365,445,1,purchase,2023-08-03 13:20:26
1366,445,41,purchase,2023-07-29 22:26:57
1367,445,50,view,2023-08-02 03:53:39
1368,446,29,view,2023-07-12 10:29:52
1369,447,27,add_to_cart,2023-08-03 19:59:27
1370,447,7,purchase,2023-07-15 01:24:22
1371,447,7,purchase,2023-07-14 15:42:00
1372,448,8,view,2023-08-06 09:50:49
1373,449,11,purchase,2023-07-31 23:56:58
1374,449,6,purchase,2023-07-23 23:37:52
1375,449,40,purchase,2023-07-19 18:52:05
1376,450,24,add_to_cart,2023-07-20 18:00:00
1377,450,22,view,2023-08-06 11:04:13
1378,450,20,purchase,2023-07-29 04:10:05
1379,450,2,purchase,2023-08-06 12:16:04
1380,450,20,view,2023-07-30 08:47:11
1381,451,6,view,2023-07-30 14:05:31
1382,452,13,purchase,2023-07-28 05:41:06
1383,452,32,add_to_cart,2023-08-02 20:29:02
1384,452,29,add_to_cart,2023-07-25 08:32:45
1385,453,15,add_to_cart,2023-07-12 01:24:30
1386,453,32,add_to_cart,2023-07-30 00:26:26
1387,453,20,view,2023-07-26 20:02:30
1388,453,4,add_to_cart,2023-08-04 03:49:51
1389,454,11,add_to_cart,2023-07-14 06:39:25
1390,454,37,view,2023-07-29 19:49:10
1391,454,50,view,2023-07-22 06:23:06
1392,455,42,add_to_cart,2023-07-15 15:07:25
1393,455,8,view,2023-07-17 21:15:47
1394,455,24,view,2023-07-15 17:50:01
1395,455,1,view,2023-07-17 15:27:35
1396,455,21,view,2023-07-31 13:20:47
1397,456,12,view,2023-07-18 17:51:59
1398,456,46,view,2023-07-25 01:09:18
1399,457,35,view,2023-08-01 06:13:20
1400,457,19,purchase,2023-08-06 03:02:24
1401,457,21,view,2023-07-17 05:12:16
1402,457,26,add_to_cart,2023-07-14 04:19:13
1403,457,22,add_to_cart,2023-08-06 04:01:07
1404,458,24,purchase,2023-07-19 19:15:41
1405,459,46,purchase,2023-07-18 05:10:29
1406,460,10,view,2023-07-15 03:13:32
1407,460,27,add_to_cart,2023-08-04 10:40:45
1408,460,20,add_to_cart,2023-07-20 19:19:19
1409,460,23,purchase,2023-08-01 07:19:22
1410,461,1,purchase,2023-08-05 10:06:56
1411,461,31,purchase,2023-07-27 08:40:28
1412,461,5,view,2023-08-01 16:52:41
1413,462,25,add_to_cart,2023-08-06 22:55:49
1414,462,2,view,2023-08-01 23:20:06
1415,462,50,purchase,2023-07-21 08:10:46
1416,463,20,view,2023-07-22 20:31:04
1417,463,37,purchase,2023-08-02 10:42:10
1418,463,30,purchase,2023-07-30 12:14:04
1419,463,41,add_to_cart,2023-07-20 02:47:36
1420,463,1,purchase,2023-08-06 21:25:47
1421,464,44,view,2023-08-04 10:43:37
1422,464,24,view,2023-07-13 23:03:17
1423,464,11,purchase,2023-07-24 18:35:38
1424,464,30,view,2023-08-02 06:36:00
1425,464,14,purchase,2023-08-05 03:25:53
1426,465,22,view,2023-07-23 16:26:18
1427,465,36,add_to_cart,2023-07-19 17:28:46
1428,465,3,purchase,2023-07-13 16:26:35
1429,465,21,view,2023-07-26 11:03:37
1430,466,42,view,2023-08-04 21:21:11
1431,466,43,add_to_cart,2023-08-08 06:07:27
1432,467,9,view,2023-07-29 23:39:22
1433,467,49,purchase,2023-07-31 00:47:51
1434,467,40,add_to_cart,2023-08-08 18:14:23
1435,468,47,view,2023-07-15 19:25:11
1436,468,39,purchase,2023-07-28 04:08:39
1437,468,30,view,2023-07-31 07:13:16
1438,468,40,purchase,2023-08-08 06:48:37
1439,468,25,view,2023-08-03 03:37:48
1440,469,31,add_to_cart,2023-07-13 19:30:02
1441,470,43,purchase,2023-07-29 08:27:12
1442,470,44,view,2023-07-11 17:12:08
1443,470,43,view,2023-07-28 00:47:52
1444,470,39,add_to_cart,2023-07-22 06:58:29
1445,471,19,add_to_cart,2023-08-03 02:24:53
1446,472,33,add_to_cart,2023-08-03 12:07:01
1447,472,21,purchase,2023-07-22 05:45:27
1448,473,7,view,2023-07-26 03:13:01
1449,474,46,purchase,2023-07-19 13:53:11
1450,474,45,view,2023-08-04 00:13:49
1451,474,22,purchase,2023-08-02 02:01:44
1452,474,10,view,2023-07-18 01:42:42
1453,474,41,add_to_cart,2023-07-30 11:22:24
1454,475,23,add_to_cart,2023-07-19 19:26:19
1455,476,22,add_to_cart,2023-08-08 13:46:31
1456,476,29,view,2023-07-24 14:43:31
1457,476,46,add_to_cart,2023-07-31 19:22:43
1458,476,5,view,2023-07-16 02:30:18
1459,477,25,purchase,2023-07-27 10:32:16
1460,477,22,view,2023-08-07 00:25:47
1461,477,31,purchase,2023-08-06 03:37:11
1462,478,48,add_to_cart,2023-07-24 04:16:55
1463,478,13,view,2023-07-22 03:33:17
1464,478,12,view,2023-07-21 14:38:43
1465,479,13,purchase,2023-07-26 15:14:36
1466,479,2,view,2023-08-06 04:12:57
1467,479,50,purchase,2023-08-09 17:23:44
1468,480,1,purchase,2023-07-28 05:56:49
1469,480,23,purchase,2023-07-19 00:42:30
1470,480,21,purchase,2023-07-20 07:18:12
1471,481,48,purchase,2023-07-15 07:43:58
1472,481,27,add_to_cart,2023-07-23 17:52:07
1473,482,25,add_to_cart,2023-07-26 18:37:11
1474,483,37,purchase,2023-08-04 05:53:29
1475,483,16,view,2023-08-02 12:46:40
1476,483,39,add_to_cart,2023-07-22 17:08:56
1477,483,36,view,2023-08-09 16:15:33
1478,484,20,purchase,2023-07-11 07:21:49
1479,484,40,add_to_cart,2023-08-09 04:50:31
1480,484,21,purchase,2023-07-14 03:54:35
1481,484,2,view,2023-07-22 19:53:36
1482,485,3,add_to_cart,2023-08-06 14:44:52
1483,485,41,add_to_cart,2023-08-05 05:47:29
1484,485,39,purchase,2023-07-14 16:49:11
1485,485,37,view,2023-07-12 23:43:55
1486,486,10,purchase,2023-07-25 09:06:42
1487,486,17,purchase,2023-07-25 08:51:28
1488,486,30,view,2023-07-26 00:54:34
1489,487,29,add_to_cart,2023-08-08 12:06:20
1490,487,25,purchase,2023-07-26 07:49:54
1491,487,23,add_to_cart,2023-07-14 00:24:49
1492,487,30,view,2023-07-25 20:35:50
1493,487,24,add_to_cart,2023-07-29 15:36:31
1494,488,27,purchase,2023-07-23 08:10:59
1495,488,46,add_to_cart,2023-07-28 19:37:53
1496,488,43,purchase,2023-08-01 10:37:07
1497,488,14,purchase,2023-08-03 10:32:56
1498,488,29,add_to_cart,2023-08-08 15:32:06
1499,489,43,add_to_cart,2023-07-31 12:54:54
1500,489,5,purchase,2023-08-09 06:05:36
1501,489,10,purchase,2023-08-03 14:40:59
1502,489,18,purchase,2023-07-24 11:14:59
1503,489,36,add_to_cart,2023-07-26 17:41:14
1504,490,10,view,2023-07-21 01:41:00
1505,490,30,purchase,2023-07-12 12:23:02
1506,490,27,purchase,2023-07-30 12:45:35
1507,491,34,view,2023-07-13 04:32:25
1508,491,44,view,2023-07-14 13:11:42
1509,491,43,view,2023-08-07 11:26:36
1510,492,47,add_to_cart,2023-08-03 13:18:05
1511,492,49,add_to_cart,2023-07-30 04:32:05
1512,493,45,view,2023-08-03 22:17:02
1513,493,11,add_to_cart,2023-08-06 09:22:48
1514,494,5,add_to_cart,2023-07-11 16:20:03
1515,494,24,purchase,2023-07-23 02:59:52
1516,495,46,add_to_cart,2023-08-05 01:43:06
1517,495,4,purchase,2023-07-19 20:06:39
1518,495,27,purchase,2023-07-19 05:55:39
1519,495,37,view,2023-07-30 07:18:40
1520,495,9,view,2023-08-02 17:46:40
1521,496,21,view,2023-07-15 18:06:02
1522,496,13,add_to_cart,2023-07-24 09:47:58
1523,496,2,purchase,2023-07-15 19:44:44
1524,496,50,purchase,2023-07-15 22:06:42
1525,497,22,view,2023-07-26 01:40:36
1526,497,29,add_to_cart,2023-08-06 01:08:06
1527,498,13,add_to_cart,2023-07-26 10:55:02
1528,498,37,purchase,2023-07-15 09:07:37
1529,498,48,add_to_cart,2023-07-27 02:31:21
1530,499,39,add_to_cart,2023-07-31 19:17:46
1531,499,11,view,2023-08-04 23:03:07
1532,499,30,purchase,2023-08-01 01:08:14
1533,499,16,view,2023-08-08 00:19:39
1534,500,33,add_to_cart,2023-07-11 14:50:25
1535,500,6,add_to_cart,2023-07-30 01:16:48
1536,500,4,purchase,2023-08-03 19:18:31
